customer_id,name
C003,UserC003
C004,UserC004
C005,UserC005
C006,UserC006
C007,UserC007
C008,UserC008
C009,UserC009
C010,UserC010
C011,UserC011
C012,UserC012
C013,UserC013
C014,UserC014
C015,UserC015
C016,UserC016
C017,UserC017
C018,UserC018
C019,UserC019
C020,UserC020
C021,UserC021
C022,UserC022
C023,UserC023
C024,UserC024
C025,UserC025
C026,UserC026
C027,UserC027
C028,UserC028
C029,UserC029
C030,UserC030
C031,UserC031
C032,UserC032
C033,UserC033
C034,UserC034
C035,UserC035
C036,UserC036
C037,UserC037
C038,UserC038
C039,UserC039
C040,UserC040
C041,UserC041
C042,UserC042
C043,UserC043
C044,UserC044
C045,UserC045
C046,UserC046
C047,UserC047
C048,UserC048
C049,UserC049
C050,UserC050
C051,UserC051
C052,UserC052
C053,UserC053
C054,UserC054
C055,UserC055
C056,UserC056
C057,UserC057
C058,UserC058
C059,UserC059
C060,UserC060
C061,UserC061
C062,UserC062
C063,UserC063
C064,UserC064
C065,UserC065
C066,UserC066
C067,UserC067
C068,UserC068
C069,UserC069
C070,UserC070
C071,UserC071
C072,UserC072
C073,UserC073
C074,UserC074
C075,UserC075
C076,UserC076
C077,UserC077
C078,UserC078
C079,UserC079
C080,UserC080
C081,UserC081
C082,UserC082
C083,UserC083
C084,UserC084
C085,UserC085
C086,UserC086
C087,UserC087
C088,UserC088
C089,UserC089
C090,UserC090
C091,UserC091
C092,UserC092
C093,UserC093
C094,UserC094
C095,UserC095
C096,UserC096
C097,UserC097
C098,UserC098
C099,UserC099
C100,UserC100
C101,UserC101
C102,UserC102
